# Coordenadas das unidades de saude, preenchidas a mao a partir do cadastro
# publico do CNES. Sao 12 - trabalho de uma vez so.
#
# IMPORTANTE: preencher ANTES de rodar a 02_anon_unidade_saude.py na base de
# trabalho, porque ela substitui o nu_cnes usado para consultar o cadastro.
#
# Unidade de saude e entidade institucional de endereco publico - por isso
# estas coordenadas podem ser versionadas. NENHUMA coordenada de domicilio ou
# de cidadao deve entrar aqui.
#
# co_unidade: o valor que aparece na coluna de unidade da tabela de domicilio
#             (nu_cnes, co_unidade_saude ou co_dim_unidade_saude - o
#             03_faixa_de_distancia.py informa qual usou).
co_unidade,nu_cnes,nome_referencia,latitude,longitude
