categoria	tabela	coluna	descricao	acao_sugerida	fonte_url	observacao
CPF cidadão	tb_acomp_cidadaos_vinculados	nu_cpf_cidadao	texto | CPF do cidadão.	Substituir por CPF ficticio valido, mantendo regra por entidade se precisar preservar vinculos.	https://integracao.esusaps.bridge.ufsc.tech/dw/visualizacoes/acompanhamento_cidadaos_vinculados.html	Achado em linha de tabela da documentacao DW.
CPF cidadão	tb_dim_cidacao_pec_grupo	co_identificacao	Código de identificação do cidadão. CNS, CPF ou Número do UUID de Origem	Substituir por CPF ficticio valido, mantendo regra por entidade se precisar preservar vinculos.	https://integracao.esusaps.bridge.ufsc.tech/dw/dimensoes/dim_cidadao_pec_grupo.html	Achado em linha de tabela da documentacao DW.
CPF cidadão	tb_dim_cidacao_pec_grupo	tp_identificacao	0 - UUID de Origem, 1 - CNS e 2 - CPF	Substituir por CPF ficticio valido, mantendo regra por entidade se precisar preservar vinculos.	https://integracao.esusaps.bridge.ufsc.tech/dw/dimensoes/dim_cidadao_pec_grupo.html	Achado em linha de tabela da documentacao DW.
CPF cidadão	tb_fat_atd_ind_exames	nu_cpf_cidadao	cpfCidadao | CPF do cidadão	Substituir por CPF ficticio valido, mantendo regra por entidade se precisar preservar vinculos.	https://integracao.esusaps.bridge.ufsc.tech/dw/fatos/atendimento_individual/tb_fat_atd_ind_exames.html	Achado em linha de tabela da documentacao DW.
CPF cidadão	tb_fat_atd_ind_medicamentos	nu_cpf_cidadao	cpfCidadao | CPF do cidadão	Substituir por CPF ficticio valido, mantendo regra por entidade se precisar preservar vinculos.	https://integracao.esusaps.bridge.ufsc.tech/dw/fatos/atendimento_individual/tb_fat_atd_ind_medicamentos.html	Achado em linha de tabela da documentacao DW.
CPF cidadão	tb_fat_atd_ind_problemas	nu_cpf_cidadao	cpfCidadao | CPF do cidadão	Substituir por CPF ficticio valido, mantendo regra por entidade se precisar preservar vinculos.	https://integracao.esusaps.bridge.ufsc.tech/dw/fatos/atendimento_individual/tb_fat_atd_ind_problemas.html	Achado em linha de tabela da documentacao DW.
CPF cidadão	tb_fat_atd_ind_procedimentos	nu_cpf_cidadao	cpfCidadao | CPF do cidadão	Substituir por CPF ficticio valido, mantendo regra por entidade se precisar preservar vinculos.	https://integracao.esusaps.bridge.ufsc.tech/dw/fatos/atendimento_individual/tb_fat_atd_ind_procedimentos.html	Achado em linha de tabela da documentacao DW.
CPF cidadão	tb_fat_atend_odonto_encaminham	nu_cpf_cidadao	cpfCidadao | CPF do cidadão	Substituir por CPF ficticio valido, mantendo regra por entidade se precisar preservar vinculos.	https://integracao.esusaps.bridge.ufsc.tech/dw/fatos/atendimento_odontologico/tb_fat_atend_odonto_encaminham.html	Achado em linha de tabela da documentacao DW.
CPF cidadão	tb_fat_atend_odonto_exames	nu_cpf_cidadao	cpfCidadao | CPF do cidadão	Substituir por CPF ficticio valido, mantendo regra por entidade se precisar preservar vinculos.	https://integracao.esusaps.bridge.ufsc.tech/dw/fatos/atendimento_odontologico/tb_fat_atend_odonto_exames.html	Achado em linha de tabela da documentacao DW.
CPF cidadão	tb_fat_atend_odonto_medicament	nu_cpf_cidadao	cpfCidadao | CPF do cidadão	Substituir por CPF ficticio valido, mantendo regra por entidade se precisar preservar vinculos.	https://integracao.esusaps.bridge.ufsc.tech/dw/fatos/atendimento_odontologico/tb_fat_atend_odonto_medicament.html	Achado em linha de tabela da documentacao DW.
CPF cidadão	tb_fat_atend_odonto_problemas	nu_cpf_cidadao	cpfCidadao | CPF do cidadão	Substituir por CPF ficticio valido, mantendo regra por entidade se precisar preservar vinculos.	https://integracao.esusaps.bridge.ufsc.tech/dw/fatos/atendimento_odontologico/tb_fat_atend_odonto_problemas.html	Achado em linha de tabela da documentacao DW.
CPF cidadão	tb_fat_atend_odonto_proced	nu_cpf_cidadao	cpfCidadao | CPF do cidadão	Substituir por CPF ficticio valido, mantendo regra por entidade se precisar preservar vinculos.	https://integracao.esusaps.bridge.ufsc.tech/dw/fatos/atendimento_odontologico/tb_fat_atend_odonto_proced.html	Achado em linha de tabela da documentacao DW.
CPF cidadão	tb_fat_atendimento_individual	nu_cpf_cidadao	cpfCidadao | CPF do cidadão	Substituir por CPF ficticio valido, mantendo regra por entidade se precisar preservar vinculos.	https://integracao.esusaps.bridge.ufsc.tech/dw/fatos/atendimento_individual/tb_fat_atendimento_individual.html	Achado em linha de tabela da documentacao DW.
CPF cidadão	tb_fat_atendimento_odonto	nu_cpf_cidadao	cpfCidadao | CPF do cidadão	Substituir por CPF ficticio valido, mantendo regra por entidade se precisar preservar vinculos.	https://integracao.esusaps.bridge.ufsc.tech/dw/fatos/atendimento_odontologico/tb_fat_atendimento_odonto.html	Achado em linha de tabela da documentacao DW.
CPF cidadão	tb_fat_cuidado_compartilhado	nu_cpf_cidadao	cpfCidadao | CPF do cidadão	Substituir por CPF ficticio valido, mantendo regra por entidade se precisar preservar vinculos.	https://integracao.esusaps.bridge.ufsc.tech/dw/fatos/cuidado_compartilhado/tb_fat_cuidado_compartilhado.html	Achado em linha de tabela da documentacao DW.
CPF cidadão	tb_fat_ivcf	nu_cpf_cidadao	cpfCidadao | CPF do cidadão	Substituir por CPF ficticio valido, mantendo regra por entidade se precisar preservar vinculos.	https://integracao.esusaps.bridge.ufsc.tech/dw/fatos/ivcf/ivcf.html	Achado em linha de tabela da documentacao DW.
CPF cidadão	tb_fat_marca_consumo_alimnt	nu_cpf_cidadao	cpfCidadao | CPF do cidadão	Substituir por CPF ficticio valido, mantendo regra por entidade se precisar preservar vinculos.	https://integracao.esusaps.bridge.ufsc.tech/dw/fatos/marcadores_consumo_alimentar.html	Achado em linha de tabela da documentacao DW.
CPF cidadão	tb_fat_proced_atend	nu_cpf_cidadao	cpfCidadao | CPF do cidadão	Substituir por CPF ficticio valido, mantendo regra por entidade se precisar preservar vinculos.	https://integracao.esusaps.bridge.ufsc.tech/dw/fatos/procedimentos/tb_fat_proced_atend.html	Achado em linha de tabela da documentacao DW.
CPF cidadão	tb_fat_proced_atend_proced	nu_cpf_cidadao	cpfCidadao | CPF do cidadão	Substituir por CPF ficticio valido, mantendo regra por entidade se precisar preservar vinculos.	https://integracao.esusaps.bridge.ufsc.tech/dw/fatos/procedimentos/tb_fat_proced_atend_proced.html	Achado em linha de tabela da documentacao DW.
CPF cidadão	tb_fat_solicitacao_oci	nu_cpf_cidadao	cpfCidadao | CPF do cidadão	Substituir por CPF ficticio valido, mantendo regra por entidade se precisar preservar vinculos.	https://integracao.esusaps.bridge.ufsc.tech/dw/fatos/oci/tb_fat_solicitacao_oci.html	Achado em linha de tabela da documentacao DW.
E-mail cidadão	tb_fat_avaliacao_elegibilidade	no_email	Campo listado como criptografado no registro.	Substituir por cidadao@teste.br.	https://integracao.esusaps.bridge.ufsc.tech/dw/fatos/avaliacao_elegibilidade.html	Campo apareceu em lista de campos criptografados, nao em uma linha da tabela de estrutura.
E-mail cidadão	tb_fat_cad_individual	no_email	Campo listado como criptografado no registro.	Substituir por cidadao@teste.br.	https://integracao.esusaps.bridge.ufsc.tech/dw/fatos/cadastro_individual.html	Campo apareceu em lista de campos criptografados, nao em uma linha da tabela de estrutura.
Nome unidade de saúde	tb_dim_unidade_saude	no_unidade_saude	Nome/denominacao da unidade de saude (coluna provavel da dimensao; confirmar no banco fisico).	Substituir por Unidade de Saude 1, Unidade de Saude 2, etc.	https://integracao.esusaps.bridge.ufsc.tech/dw/dimensoes/index.html	A documentacao oficial lista tb_dim_unidade_saude, mas nao detalha campos; nome da coluna inferido pelo padrao do DW/e-SUS.
Nome unidade de saúde	tb_dim_unidade_saude	nu_cnes	Codigo CNES da unidade; pode permitir reidentificacao da unidade mesmo apos anonimizar nome.	Avaliar mascaramento/pseudonimizacao se o objetivo for anonimizar a unidade completamente.	https://integracao.esusaps.bridge.ufsc.tech/dw/dimensoes/index.html	Relacionado a identificacao da unidade; nao e nome, mas e chave publica da unidade.
Nome unidade de saúde	tb_dim_unidade_saude	tb_dim_unidade_saude	-	Anonimizar nome na dimensao como Unidade de Saude 1, Unidade de Saude 2, etc.	https://integracao.esusaps.bridge.ufsc.tech/dw/dimensoes/index.html	A documentacao referencia unidade/CNES ou a dimensao tb_dim_unidade_saude.
Referencia unidade de saúde	tb_acomp_cidadaos_vinculados	nu_cnes_vinc_equipe	texto | CNES da unidade de saúde responsável pelo cidadão de acordo com as regras definidas neste documento.	Nao parece conter o nome diretamente; revisar join com tb_dim_unidade_saude antes de alterar.	https://integracao.esusaps.bridge.ufsc.tech/dw/visualizacoes/acompanhamento_cidadaos_vinculados.html	A documentacao referencia unidade/CNES ou a dimensao tb_dim_unidade_saude.
Referencia unidade de saúde	tb_dim_agrupador_filtro	co_dim_unidade_saude	Código da unidade de saúde do profissional. Campo co_seq_dim_unidade_saude da tb_dim_municipio	Nao parece conter o nome diretamente; revisar join com tb_dim_unidade_saude antes de alterar.	https://integracao.esusaps.bridge.ufsc.tech/dw/dimensoes/dim_agrupador_filtro.html	A documentacao referencia unidade/CNES ou a dimensao tb_dim_unidade_saude.
Referencia unidade de saúde	tb_fat_atd_ind_exames	co_dim_unidade_saude_1	Código de identificação da unidade de saúde do profissional responsável. Campo co_seq_dim_unidade_saude da tb_dim_unidade_saude	Nao parece conter o nome diretamente; revisar join com tb_dim_unidade_saude antes de alterar.	https://integracao.esusaps.bridge.ufsc.tech/dw/fatos/atendimento_individual/tb_fat_atd_ind_exames.html	A documentacao referencia unidade/CNES ou a dimensao tb_dim_unidade_saude.
Referencia unidade de saúde	tb_fat_atd_ind_exames	co_dim_unidade_saude_2	Código de identificação da unidade de saúde do profissional auxiliar. Campo co_seq_dim_unidade_saude da tb_dim_unidade_saude	Nao parece conter o nome diretamente; revisar join com tb_dim_unidade_saude antes de alterar.	https://integracao.esusaps.bridge.ufsc.tech/dw/fatos/atendimento_individual/tb_fat_atd_ind_exames.html	A documentacao referencia unidade/CNES ou a dimensao tb_dim_unidade_saude.
Referencia unidade de saúde	tb_fat_atd_ind_medicamentos	co_dim_unidade_saude_1	Código de identificação da unidade de saúde do profissional responsável. Campo co_seq_dim_unidade_saude da tb_dim_unidade_saude	Nao parece conter o nome diretamente; revisar join com tb_dim_unidade_saude antes de alterar.	https://integracao.esusaps.bridge.ufsc.tech/dw/fatos/atendimento_individual/tb_fat_atd_ind_medicamentos.html	A documentacao referencia unidade/CNES ou a dimensao tb_dim_unidade_saude.
Referencia unidade de saúde	tb_fat_atd_ind_medicamentos	co_dim_unidade_saude_2	Código de identificação da unidade de saúde do profissional auxiliar. Campo co_seq_dim_unidade_saude da tb_dim_unidade_saude	Nao parece conter o nome diretamente; revisar join com tb_dim_unidade_saude antes de alterar.	https://integracao.esusaps.bridge.ufsc.tech/dw/fatos/atendimento_individual/tb_fat_atd_ind_medicamentos.html	A documentacao referencia unidade/CNES ou a dimensao tb_dim_unidade_saude.
Referencia unidade de saúde	tb_fat_atd_ind_problemas	co_dim_unidade_saude_1	Código de identificação da unidade de saúde do profissional responsável. Campo co_seq_dim_unidade_saude da tb_dim_unidade_saude	Nao parece conter o nome diretamente; revisar join com tb_dim_unidade_saude antes de alterar.	https://integracao.esusaps.bridge.ufsc.tech/dw/fatos/atendimento_individual/tb_fat_atd_ind_problemas.html	A documentacao referencia unidade/CNES ou a dimensao tb_dim_unidade_saude.
Referencia unidade de saúde	tb_fat_atd_ind_problemas	co_dim_unidade_saude_2	Código de identificação da unidade de saúde do profissional auxiliar. Campo co_seq_dim_unidade_saude da tb_dim_unidade_saude	Nao parece conter o nome diretamente; revisar join com tb_dim_unidade_saude antes de alterar.	https://integracao.esusaps.bridge.ufsc.tech/dw/fatos/atendimento_individual/tb_fat_atd_ind_problemas.html	A documentacao referencia unidade/CNES ou a dimensao tb_dim_unidade_saude.
Referencia unidade de saúde	tb_fat_atd_ind_procedimentos	co_dim_unidade_saude_1	Código de identificação da unidade de saúde do profissional responsável. Campo co_seq_dim_unidade_saude da tb_dim_unidade_saude	Nao parece conter o nome diretamente; revisar join com tb_dim_unidade_saude antes de alterar.	https://integracao.esusaps.bridge.ufsc.tech/dw/fatos/atendimento_individual/tb_fat_atd_ind_procedimentos.html	A documentacao referencia unidade/CNES ou a dimensao tb_dim_unidade_saude.
Referencia unidade de saúde	tb_fat_atd_ind_procedimentos	co_dim_unidade_saude_2	Código de identificação da unidade de saúde do profissional auxiliar. Campo co_seq_dim_unidade_saude da tb_dim_unidade_saude	Nao parece conter o nome diretamente; revisar join com tb_dim_unidade_saude antes de alterar.	https://integracao.esusaps.bridge.ufsc.tech/dw/fatos/atendimento_individual/tb_fat_atd_ind_procedimentos.html	A documentacao referencia unidade/CNES ou a dimensao tb_dim_unidade_saude.
Referencia unidade de saúde	tb_fat_atend_odonto_encaminham	co_dim_unidade_saude_1	Código de identificação da unidade de saúde do profissional responsável. Campo co_seq_dim_unidade_saude da tb_dim_unidade_saude	Nao parece conter o nome diretamente; revisar join com tb_dim_unidade_saude antes de alterar.	https://integracao.esusaps.bridge.ufsc.tech/dw/fatos/atendimento_odontologico/tb_fat_atend_odonto_encaminham.html	A documentacao referencia unidade/CNES ou a dimensao tb_dim_unidade_saude.
Referencia unidade de saúde	tb_fat_atend_odonto_encaminham	co_dim_unidade_saude_2	Código de identificação da unidade de saúde do profissional auxiliar. Campo co_seq_dim_unidade_saude da tb_dim_unidade_saude	Nao parece conter o nome diretamente; revisar join com tb_dim_unidade_saude antes de alterar.	https://integracao.esusaps.bridge.ufsc.tech/dw/fatos/atendimento_odontologico/tb_fat_atend_odonto_encaminham.html	A documentacao referencia unidade/CNES ou a dimensao tb_dim_unidade_saude.
Referencia unidade de saúde	tb_fat_atend_odonto_exames	co_dim_unidade_saude_1	Código de identificação da unidade de saúde do profissional responsável. Campo co_seq_dim_unidade_saude da tb_dim_unidade_saude	Nao parece conter o nome diretamente; revisar join com tb_dim_unidade_saude antes de alterar.	https://integracao.esusaps.bridge.ufsc.tech/dw/fatos/atendimento_odontologico/tb_fat_atend_odonto_exames.html	A documentacao referencia unidade/CNES ou a dimensao tb_dim_unidade_saude.
Referencia unidade de saúde	tb_fat_atend_odonto_exames	co_dim_unidade_saude_2	Código de identificação da unidade de saúde do profissional auxiliar. Campo co_seq_dim_unidade_saude da tb_dim_unidade_saude	Nao parece conter o nome diretamente; revisar join com tb_dim_unidade_saude antes de alterar.	https://integracao.esusaps.bridge.ufsc.tech/dw/fatos/atendimento_odontologico/tb_fat_atend_odonto_exames.html	A documentacao referencia unidade/CNES ou a dimensao tb_dim_unidade_saude.
Referencia unidade de saúde	tb_fat_atend_odonto_medicament	co_dim_unidade_saude_1	Código de identificação da unidade de saúde do profissional responsável. Campo co_seq_dim_unidade_saude da tb_dim_unidade_saude	Nao parece conter o nome diretamente; revisar join com tb_dim_unidade_saude antes de alterar.	https://integracao.esusaps.bridge.ufsc.tech/dw/fatos/atendimento_odontologico/tb_fat_atend_odonto_medicament.html	A documentacao referencia unidade/CNES ou a dimensao tb_dim_unidade_saude.
Referencia unidade de saúde	tb_fat_atend_odonto_medicament	co_dim_unidade_saude_2	Código de identificação da unidade de saúde do profissional auxiliar. Campo co_seq_dim_unidade_saude da tb_dim_unidade_saude	Nao parece conter o nome diretamente; revisar join com tb_dim_unidade_saude antes de alterar.	https://integracao.esusaps.bridge.ufsc.tech/dw/fatos/atendimento_odontologico/tb_fat_atend_odonto_medicament.html	A documentacao referencia unidade/CNES ou a dimensao tb_dim_unidade_saude.
Referencia unidade de saúde	tb_fat_atend_odonto_problemas	co_dim_unidade_saude_1	Código de identificação da unidade de saúde do profissional responsável. Campo co_seq_dim_unidade_saude da tb_dim_unidade_saude	Nao parece conter o nome diretamente; revisar join com tb_dim_unidade_saude antes de alterar.	https://integracao.esusaps.bridge.ufsc.tech/dw/fatos/atendimento_odontologico/tb_fat_atend_odonto_problemas.html	A documentacao referencia unidade/CNES ou a dimensao tb_dim_unidade_saude.
Referencia unidade de saúde	tb_fat_atend_odonto_problemas	co_dim_unidade_saude_2	Código de identificação da unidade de saúde do profissional auxiliar. Campo co_seq_dim_unidade_saude da tb_dim_unidade_saude	Nao parece conter o nome diretamente; revisar join com tb_dim_unidade_saude antes de alterar.	https://integracao.esusaps.bridge.ufsc.tech/dw/fatos/atendimento_odontologico/tb_fat_atend_odonto_problemas.html	A documentacao referencia unidade/CNES ou a dimensao tb_dim_unidade_saude.
Referencia unidade de saúde	tb_fat_atend_odonto_proced	co_dim_unidade_saude_1	Código de identificação da unidade de saúde do profissional responsável. Campo co_seq_dim_unidade_saude da tb_dim_unidade_saude	Nao parece conter o nome diretamente; revisar join com tb_dim_unidade_saude antes de alterar.	https://integracao.esusaps.bridge.ufsc.tech/dw/fatos/atendimento_odontologico/tb_fat_atend_odonto_proced.html	A documentacao referencia unidade/CNES ou a dimensao tb_dim_unidade_saude.
Referencia unidade de saúde	tb_fat_atend_odonto_proced	co_dim_unidade_saude_2	Código de identificação da unidade de saúde do profissional auxiliar. Campo co_seq_dim_unidade_saude da tb_dim_unidade_saude	Nao parece conter o nome diretamente; revisar join com tb_dim_unidade_saude antes de alterar.	https://integracao.esusaps.bridge.ufsc.tech/dw/fatos/atendimento_odontologico/tb_fat_atend_odonto_proced.html	A documentacao referencia unidade/CNES ou a dimensao tb_dim_unidade_saude.
Referencia unidade de saúde	tb_fat_atendimento_individual	co_dim_ubs_finalizador_obs	Código do unidade de saúde do profissional finalizador do atendimento de observação. Campo co_seq_dim_ubs_finalizador_obs da tb_dim_ubs_finalizador_obs	Nao parece conter o nome diretamente; revisar join com tb_dim_unidade_saude antes de alterar.	https://integracao.esusaps.bridge.ufsc.tech/dw/fatos/atendimento_individual/tb_fat_atendimento_individual.html	A documentacao referencia unidade/CNES ou a dimensao tb_dim_unidade_saude.
Referencia unidade de saúde	tb_fat_atendimento_individual	co_dim_unidade_saude_1	Código de identificação da unidade de saúde do profissional responsável. Campo co_seq_dim_unidade_saude da tb_dim_unidade_saude	Nao parece conter o nome diretamente; revisar join com tb_dim_unidade_saude antes de alterar.	https://integracao.esusaps.bridge.ufsc.tech/dw/fatos/atendimento_individual/tb_fat_atendimento_individual.html	A documentacao referencia unidade/CNES ou a dimensao tb_dim_unidade_saude.
Referencia unidade de saúde	tb_fat_atendimento_individual	co_dim_unidade_saude_2	Código de identificação da unidade de saúde do profissional auxiliar. Campo co_seq_dim_unidade_saude da tb_dim_unidade_saude	Nao parece conter o nome diretamente; revisar join com tb_dim_unidade_saude antes de alterar.	https://integracao.esusaps.bridge.ufsc.tech/dw/fatos/atendimento_individual/tb_fat_atendimento_individual.html	A documentacao referencia unidade/CNES ou a dimensao tb_dim_unidade_saude.
Referencia unidade de saúde	tb_fat_atendimento_odonto	co_dim_unidade_saude_1	Código de identificação da unidade de saúde do profissional responsável. Campo co_seq_dim_unidade_saude da tb_dim_unidade_saude	Nao parece conter o nome diretamente; revisar join com tb_dim_unidade_saude antes de alterar.	https://integracao.esusaps.bridge.ufsc.tech/dw/fatos/atendimento_odontologico/tb_fat_atendimento_odonto.html	A documentacao referencia unidade/CNES ou a dimensao tb_dim_unidade_saude.
Referencia unidade de saúde	tb_fat_atendimento_odonto	co_dim_unidade_saude_2	Código de identificação da unidade de saúde do profissional auxiliar. Campo co_seq_dim_unidade_saude da tb_dim_unidade_saude	Nao parece conter o nome diretamente; revisar join com tb_dim_unidade_saude antes de alterar.	https://integracao.esusaps.bridge.ufsc.tech/dw/fatos/atendimento_odontologico/tb_fat_atendimento_odonto.html	A documentacao referencia unidade/CNES ou a dimensao tb_dim_unidade_saude.
Referencia unidade de saúde	tb_fat_cuidado_compartilhado	co_dim_unidade_saude_evolucao	Código de identificação da unidade de saúde do profissional que registrou a evolução. Campo co_seq_dim_unidade_saude da tb_dim_unidade_saude	Nao parece conter o nome diretamente; revisar join com tb_dim_unidade_saude antes de alterar.	https://integracao.esusaps.bridge.ufsc.tech/dw/fatos/cuidado_compartilhado/tb_fat_cuidado_compartilhado.html	A documentacao referencia unidade/CNES ou a dimensao tb_dim_unidade_saude.
Referencia unidade de saúde	tb_fat_cuidado_compartilhado	co_dim_unidade_saude_executant	Código de identificação da unidade de saúde do profissional executante. Campo co_seq_dim_unidade_saude da tb_dim_unidade_saude	Nao parece conter o nome diretamente; revisar join com tb_dim_unidade_saude antes de alterar.	https://integracao.esusaps.bridge.ufsc.tech/dw/fatos/cuidado_compartilhado/tb_fat_cuidado_compartilhado.html	A documentacao referencia unidade/CNES ou a dimensao tb_dim_unidade_saude.
Referencia unidade de saúde	tb_fat_cuidado_compartilhado	co_dim_unidade_saude_solicitnt	Código de identificação da unidade de saúde do profissional solicitante. Campo co_seq_dim_unidade_saude da tb_dim_unidade_saude	Nao parece conter o nome diretamente; revisar join com tb_dim_unidade_saude antes de alterar.	https://integracao.esusaps.bridge.ufsc.tech/dw/fatos/cuidado_compartilhado/tb_fat_cuidado_compartilhado.html	A documentacao referencia unidade/CNES ou a dimensao tb_dim_unidade_saude.
Referencia unidade de saúde	tb_fat_ivcf	co_dim_unidade_saude	Código de identificação da unidade de saúde do profissional responsável. Campo co_seq_dim_unidade_saude da tb_dim_unidade_saude	Nao parece conter o nome diretamente; revisar join com tb_dim_unidade_saude antes de alterar.	https://integracao.esusaps.bridge.ufsc.tech/dw/fatos/ivcf/ivcf.html	A documentacao referencia unidade/CNES ou a dimensao tb_dim_unidade_saude.
Referencia unidade de saúde	tb_fat_marca_consumo_alimnt	co_dim_unidade_saude	Código de identificação da unidade de saúde do profissional responsável. Campo co_seq_dim_unidade_saude da tb_dim_unidade_saude	Nao parece conter o nome diretamente; revisar join com tb_dim_unidade_saude antes de alterar.	https://integracao.esusaps.bridge.ufsc.tech/dw/fatos/marcadores_consumo_alimentar.html	A documentacao referencia unidade/CNES ou a dimensao tb_dim_unidade_saude.
Referencia unidade de saúde	tb_fat_proced_atend	co_dim_unidade_saude	Código de identificação da unidade de saúde do profissional responsável. Campo co_seq_dim_unidade_saude da tb_dim_unidade_saude	Nao parece conter o nome diretamente; revisar join com tb_dim_unidade_saude antes de alterar.	https://integracao.esusaps.bridge.ufsc.tech/dw/fatos/procedimentos/tb_fat_proced_atend.html	A documentacao referencia unidade/CNES ou a dimensao tb_dim_unidade_saude.
Referencia unidade de saúde	tb_fat_proced_atend_proced	co_dim_unidade_saude	Código de identificação da unidade de saúde do profissional responsável. Campo co_seq_dim_unidade_saude da tb_dim_unidade_saude	Nao parece conter o nome diretamente; revisar join com tb_dim_unidade_saude antes de alterar.	https://integracao.esusaps.bridge.ufsc.tech/dw/fatos/procedimentos/tb_fat_proced_atend_proced.html	A documentacao referencia unidade/CNES ou a dimensao tb_dim_unidade_saude.
Referencia unidade de saúde	tb_fat_procedimento	co_dim_unidade_saude	Código de identificação da unidade de saúde do profissional responsável. Campo co_seq_dim_unidade_saude da tb_dim_unidade_saude	Nao parece conter o nome diretamente; revisar join com tb_dim_unidade_saude antes de alterar.	https://integracao.esusaps.bridge.ufsc.tech/dw/fatos/procedimentos/tb_fat_procedimento.html	A documentacao referencia unidade/CNES ou a dimensao tb_dim_unidade_saude.
Referencia unidade de saúde	tb_fat_solicitacao_oci	co_dim_unidade_saude_1	Código de identificação da unidade de saúde do profissional principal. Campo co_seq_dim_unidade_saude da tb_dim_unidade_saude	Nao parece conter o nome diretamente; revisar join com tb_dim_unidade_saude antes de alterar.	https://integracao.esusaps.bridge.ufsc.tech/dw/fatos/oci/tb_fat_solicitacao_oci.html	A documentacao referencia unidade/CNES ou a dimensao tb_dim_unidade_saude.
Referencia unidade de saúde	tb_fat_solicitacao_oci	co_dim_unidade_saude_2	Código de identificação da unidade de saúde do profissional secundário. Campo co_seq_dim_unidade_saude da tb_dim_unidade_saude	Nao parece conter o nome diretamente; revisar join com tb_dim_unidade_saude antes de alterar.	https://integracao.esusaps.bridge.ufsc.tech/dw/fatos/oci/tb_fat_solicitacao_oci.html	A documentacao referencia unidade/CNES ou a dimensao tb_dim_unidade_saude.
Data de nascimento	tb_fat_marca_consumo_alimnt	dt_nascimento	Data de nascimento do cidadao	Deslocar o dia (1 a 30/31), preservando mes e ano, e redimensionar a data de cada atendimento do mesmo cidadao para preservar o intervalo em dias entre nascimento e atendimento.	https://integracao.esusaps.bridge.ufsc.tech/dw/fatos/marcadores_consumo_alimentar.html	Achado em linha de tabela da documentacao DW.
Data de nascimento	tb_fat_atendimento_individual	dt_nascimento	Data de nascimento do cidadao	Deslocar o dia (1 a 30/31), preservando mes e ano, e redimensionar a data de cada atendimento do mesmo cidadao para preservar o intervalo em dias entre nascimento e atendimento.	https://integracao.esusaps.bridge.ufsc.tech/dw/fatos/atendimento_individual/tb_fat_atendimento_individual.html	CPF ja mapeado antes nesta tabela; coluna nova.
Data de nascimento	tb_fat_atendimento_odonto	dt_nascimento	Data de nascimento do cidadao	Deslocar o dia (1 a 30/31), preservando mes e ano, e redimensionar a data de cada atendimento do mesmo cidadao para preservar o intervalo em dias entre nascimento e atendimento.	https://integracao.esusaps.bridge.ufsc.tech/dw/fatos/atendimento_odontologico/tb_fat_atendimento_odonto.html	Achado em linha de tabela da documentacao DW.
Data de nascimento	tb_fat_proced_atend	dt_nascimento	Data de nascimento do cidadao	Deslocar o dia (1 a 30/31), preservando mes e ano, e redimensionar a data de cada atendimento do mesmo cidadao para preservar o intervalo em dias entre nascimento e atendimento.	https://integracao.esusaps.bridge.ufsc.tech/dw/fatos/procedimentos/tb_fat_proced_atend.html	Achado em linha de tabela da documentacao DW.
Data de nascimento	tb_fat_proced_atend_proced	dt_nascimento	Data de nascimento do cidadao	Deslocar o dia (1 a 30/31), preservando mes e ano, e redimensionar a data de cada atendimento do mesmo cidadao para preservar o intervalo em dias entre nascimento e atendimento.	https://integracao.esusaps.bridge.ufsc.tech/dw/fatos/procedimentos/tb_fat_proced_atend_proced.html	Achado em linha de tabela da documentacao DW.
Data de nascimento	tb_fat_cuidado_compartilhado	dt_nascimento_cidadao	Data de nascimento do cidadao	Deslocar o dia (1 a 30/31), preservando mes e ano, e redimensionar a data de cada atendimento do mesmo cidadao para preservar o intervalo em dias entre nascimento e atendimento.	https://integracao.esusaps.bridge.ufsc.tech/dw/fatos/cuidado_compartilhado/tb_fat_cuidado_compartilhado.html	Achado em linha de tabela da documentacao DW.
Nome cidadão	tb_fat_cad_individual	no_nome	Campo listado como criptografado no registro, sem descricao completa disponivel na pagina.	Pendente de definicao na guideline - nome do cidadao nao coberto explicitamente (so ha regra para nome de profissional).	https://integracao.esusaps.bridge.ufsc.tech/dw/fatos/cadastro_individual.html	confirmar manualmente - categoria nao consta na guideline fornecida.
Nome cidadão	tb_fat_cad_individual	no_nome_mae	Campo listado como criptografado no registro, sem descricao completa disponivel na pagina.	Pendente de definicao na guideline - nome do cidadao nao coberto explicitamente (so ha regra para nome de profissional).	https://integracao.esusaps.bridge.ufsc.tech/dw/fatos/cadastro_individual.html	confirmar manualmente - categoria nao consta na guideline fornecida.
Nome cidadão	tb_fat_cad_individual	no_nome_pai	Campo listado como criptografado no registro, sem descricao completa disponivel na pagina.	Pendente de definicao na guideline - nome do cidadao nao coberto explicitamente (so ha regra para nome de profissional).	https://integracao.esusaps.bridge.ufsc.tech/dw/fatos/cadastro_individual.html	confirmar manualmente - categoria nao consta na guideline fornecida.
Nome cidadão	tb_fat_cad_individual	no_nome_social	Campo listado como criptografado no registro, sem descricao completa disponivel na pagina.	Pendente de definicao na guideline - nome do cidadao nao coberto explicitamente (so ha regra para nome de profissional).	https://integracao.esusaps.bridge.ufsc.tech/dw/fatos/cadastro_individual.html	confirmar manualmente - categoria nao consta na guideline fornecida.
Nome cidadão	tb_fat_avaliacao_elegibilidade	no_nome	Campo listado como criptografado no registro, sem descricao completa disponivel na pagina.	Pendente de definicao na guideline - nome do cidadao nao coberto explicitamente (so ha regra para nome de profissional).	https://integracao.esusaps.bridge.ufsc.tech/dw/fatos/avaliacao_elegibilidade.html	confirmar manualmente - categoria nao consta na guideline fornecida.
Nome cidadão	tb_fat_avaliacao_elegibilidade	no_nome_mae	Campo listado como criptografado no registro, sem descricao completa disponivel na pagina.	Pendente de definicao na guideline - nome do cidadao nao coberto explicitamente (so ha regra para nome de profissional).	https://integracao.esusaps.bridge.ufsc.tech/dw/fatos/avaliacao_elegibilidade.html	confirmar manualmente - categoria nao consta na guideline fornecida.
Nome cidadão	tb_fat_avaliacao_elegibilidade	no_nome_pai	Campo listado como criptografado no registro, sem descricao completa disponivel na pagina.	Pendente de definicao na guideline - nome do cidadao nao coberto explicitamente (so ha regra para nome de profissional).	https://integracao.esusaps.bridge.ufsc.tech/dw/fatos/avaliacao_elegibilidade.html	confirmar manualmente - categoria nao consta na guideline fornecida.
Nome cidadão	tb_fat_avaliacao_elegibilidade	no_nome_social	Campo listado como criptografado no registro, sem descricao completa disponivel na pagina.	Pendente de definicao na guideline - nome do cidadao nao coberto explicitamente (so ha regra para nome de profissional).	https://integracao.esusaps.bridge.ufsc.tech/dw/fatos/avaliacao_elegibilidade.html	confirmar manualmente - categoria nao consta na guideline fornecida.
Texto livre	tb_fat_cad_individual	no_causa_internacao12	Campo listado como criptografado no registro, sem descricao completa disponivel na pagina.	Anonimizar via reconhecimento de entidades nomeadas (NER) - pendente de definicao.	https://integracao.esusaps.bridge.ufsc.tech/dw/fatos/cadastro_individual.html	confirmar manualmente - nome do campo sugere texto livre, descricao completa nao esta na pagina.
Texto livre	tb_fat_cad_individual	no_outra_condicao1	Campo listado como criptografado no registro, sem descricao completa disponivel na pagina.	Anonimizar via reconhecimento de entidades nomeadas (NER) - pendente de definicao.	https://integracao.esusaps.bridge.ufsc.tech/dw/fatos/cadastro_individual.html	confirmar manualmente - nome do campo sugere texto livre, descricao completa nao esta na pagina.
Texto livre	tb_fat_cad_individual	no_outra_condicao2	Campo listado como criptografado no registro, sem descricao completa disponivel na pagina.	Anonimizar via reconhecimento de entidades nomeadas (NER) - pendente de definicao.	https://integracao.esusaps.bridge.ufsc.tech/dw/fatos/cadastro_individual.html	confirmar manualmente - nome do campo sugere texto livre, descricao completa nao esta na pagina.
Texto livre	tb_fat_cad_individual	no_outra_condicao3	Campo listado como criptografado no registro, sem descricao completa disponivel na pagina.	Anonimizar via reconhecimento de entidades nomeadas (NER) - pendente de definicao.	https://integracao.esusaps.bridge.ufsc.tech/dw/fatos/cadastro_individual.html	confirmar manualmente - nome do campo sugere texto livre, descricao completa nao esta na pagina.
Texto livre	tb_fat_cad_individual	no_plantas_medicinais	Campo listado como criptografado no registro, sem descricao completa disponivel na pagina.	Anonimizar via reconhecimento de entidades nomeadas (NER) - pendente de definicao.	https://integracao.esusaps.bridge.ufsc.tech/dw/fatos/cadastro_individual.html	confirmar manualmente - nome do campo sugere texto livre, descricao completa nao esta na pagina.
Endereço cidadão	tb_fat_cad_domiciliar	no_bairro	Campo listado como criptografado no registro, sem descricao completa disponivel na pagina.	Substituir por outro endereco valido do mesmo municipio, sorteado aleatoriamente entre os enderecos existentes na base.	https://integracao.esusaps.bridge.ufsc.tech/dw/fatos/cadastro_domiciliar.html	Endereco do domicilio.
Endereço cidadão	tb_fat_cad_domiciliar	no_complemento	Campo listado como criptografado no registro, sem descricao completa disponivel na pagina.	Substituir por outro endereco valido do mesmo municipio, sorteado aleatoriamente entre os enderecos existentes na base.	https://integracao.esusaps.bridge.ufsc.tech/dw/fatos/cadastro_domiciliar.html	Endereco do domicilio.
Endereço cidadão	tb_fat_cad_domiciliar	no_logradouro	Campo listado como criptografado no registro, sem descricao completa disponivel na pagina.	Substituir por outro endereco valido do mesmo municipio, sorteado aleatoriamente entre os enderecos existentes na base.	https://integracao.esusaps.bridge.ufsc.tech/dw/fatos/cadastro_domiciliar.html	Endereco do domicilio.
Endereço cidadão	tb_fat_cad_domiciliar	no_ponto_referencia	Campo listado como criptografado no registro, sem descricao completa disponivel na pagina.	Substituir por outro endereco valido do mesmo municipio, sorteado aleatoriamente entre os enderecos existentes na base.	https://integracao.esusaps.bridge.ufsc.tech/dw/fatos/cadastro_domiciliar.html	Endereco do domicilio.
Endereço cidadão	tb_fat_cad_domiciliar	nu_cep	Campo listado como criptografado no registro, sem descricao completa disponivel na pagina.	Substituir por outro endereco valido do mesmo municipio, sorteado aleatoriamente entre os enderecos existentes na base.	https://integracao.esusaps.bridge.ufsc.tech/dw/fatos/cadastro_domiciliar.html	Endereco do domicilio.
Endereço cidadão	tb_fat_cad_domiciliar	nu_num_logradouro	Campo listado como criptografado no registro, sem descricao completa disponivel na pagina.	Substituir por outro endereco valido do mesmo municipio, sorteado aleatoriamente entre os enderecos existentes na base.	https://integracao.esusaps.bridge.ufsc.tech/dw/fatos/cadastro_domiciliar.html	Endereco do domicilio.
Endereço cidadão	tb_fat_avaliacao_elegibilidade	no_bairro_residencia	Campo listado como criptografado no registro, sem descricao completa disponivel na pagina.	Substituir por outro endereco valido do mesmo municipio, sorteado aleatoriamente entre os enderecos existentes na base.	https://integracao.esusaps.bridge.ufsc.tech/dw/fatos/avaliacao_elegibilidade.html	Endereco de residencia.
Endereço cidadão	tb_fat_avaliacao_elegibilidade	no_complemento_residencia	Campo listado como criptografado no registro, sem descricao completa disponivel na pagina.	Substituir por outro endereco valido do mesmo municipio, sorteado aleatoriamente entre os enderecos existentes na base.	https://integracao.esusaps.bridge.ufsc.tech/dw/fatos/avaliacao_elegibilidade.html	Endereco de residencia.
Endereço cidadão	tb_fat_avaliacao_elegibilidade	no_logradouro_residencia	Campo listado como criptografado no registro, sem descricao completa disponivel na pagina.	Substituir por outro endereco valido do mesmo municipio, sorteado aleatoriamente entre os enderecos existentes na base.	https://integracao.esusaps.bridge.ufsc.tech/dw/fatos/avaliacao_elegibilidade.html	Endereco de residencia.
Endereço cidadão	tb_fat_avaliacao_elegibilidade	no_referencia_residencia	Campo listado como criptografado no registro, sem descricao completa disponivel na pagina.	Substituir por outro endereco valido do mesmo municipio, sorteado aleatoriamente entre os enderecos existentes na base.	https://integracao.esusaps.bridge.ufsc.tech/dw/fatos/avaliacao_elegibilidade.html	Endereco de residencia.
Endereço cidadão	tb_fat_avaliacao_elegibilidade	nu_cep_residencia	Campo listado como criptografado no registro, sem descricao completa disponivel na pagina.	Substituir por outro endereco valido do mesmo municipio, sorteado aleatoriamente entre os enderecos existentes na base.	https://integracao.esusaps.bridge.ufsc.tech/dw/fatos/avaliacao_elegibilidade.html	Endereco de residencia.
Endereço cidadão	tb_fat_avaliacao_elegibilidade	nu_num_logradouro_residencia	Campo listado como criptografado no registro, sem descricao completa disponivel na pagina.	Substituir por outro endereco valido do mesmo municipio, sorteado aleatoriamente entre os enderecos existentes na base.	https://integracao.esusaps.bridge.ufsc.tech/dw/fatos/avaliacao_elegibilidade.html	Endereco de residencia.
Dado antropométrico	tb_fat_atendimento_individual	nu_medicao_circ_abdominal	Circunferencia abdominal do cidadao em centimetros	Avaliar microagregacao, truncamento ou ruido controlado (Differential Privacy) para valores extremos - pendente de definicao.	https://integracao.esusaps.bridge.ufsc.tech/dw/fatos/atendimento_individual/tb_fat_atendimento_individual.html	Achado em linha de tabela da documentacao DW.
Dado antropométrico	tb_fat_atendimento_individual	nu_medicao_perim_pantrlha	Perimetro da panturrilha do cidadao em centimetros	Avaliar microagregacao, truncamento ou ruido controlado (Differential Privacy) para valores extremos - pendente de definicao.	https://integracao.esusaps.bridge.ufsc.tech/dw/fatos/atendimento_individual/tb_fat_atendimento_individual.html	Achado em linha de tabela da documentacao DW.
Dado antropométrico	tb_fat_atendimento_individual	nu_peso	Peso do cidadao em quilogramas	Avaliar microagregacao, truncamento ou ruido controlado (Differential Privacy) para valores extremos - pendente de definicao.	https://integracao.esusaps.bridge.ufsc.tech/dw/fatos/atendimento_individual/tb_fat_atendimento_individual.html	Achado em linha de tabela da documentacao DW.
Dado antropométrico	tb_fat_atendimento_individual	nu_altura	Altura do cidadao em centimetros	Avaliar microagregacao, truncamento ou ruido controlado (Differential Privacy) para valores extremos - pendente de definicao.	https://integracao.esusaps.bridge.ufsc.tech/dw/fatos/atendimento_individual/tb_fat_atendimento_individual.html	Achado em linha de tabela da documentacao DW.
Dado antropométrico	tb_fat_atendimento_individual	nu_perimetro_cefalico	Perimetro cefalico do cidadao em centimetros	Avaliar microagregacao, truncamento ou ruido controlado (Differential Privacy) para valores extremos - pendente de definicao.	https://integracao.esusaps.bridge.ufsc.tech/dw/fatos/atendimento_individual/tb_fat_atendimento_individual.html	Achado em linha de tabela da documentacao DW.
Dado antropométrico	tb_fat_consolidado_cidadao_fai	nu_altura	Armazena o valor mais atualizado da altura do cidadao	Avaliar microagregacao, truncamento ou ruido controlado (Differential Privacy) para valores extremos - pendente de definicao.	https://integracao.esusaps.bridge.ufsc.tech/dw/fatos/atendimento_individual/tb_fat_consolidado_cidadao_fai.html	Achado em linha de tabela da documentacao DW.
Dado antropométrico	tb_fat_consolidado_cidadao_fai	nu_peso	Armazena o valor mais atualizado do peso do cidadao	Avaliar microagregacao, truncamento ou ruido controlado (Differential Privacy) para valores extremos - pendente de definicao.	https://integracao.esusaps.bridge.ufsc.tech/dw/fatos/atendimento_individual/tb_fat_consolidado_cidadao_fai.html	Achado em linha de tabela da documentacao DW.
Dado antropométrico	tb_fat_consolidado_cidadao_fai	nu_perimetro_cefalico_prcltra	Perimetro cefalico medido em atendimento de puericultura	Avaliar microagregacao, truncamento ou ruido controlado (Differential Privacy) para valores extremos - pendente de definicao.	https://integracao.esusaps.bridge.ufsc.tech/dw/fatos/atendimento_individual/tb_fat_consolidado_cidadao_fai.html	Achado em linha de tabela da documentacao DW.
Dado antropométrico	tb_fat_consolidado_cidadao_fai	nu_altura_prcltra	Altura medida em atendimento de puericultura	Avaliar microagregacao, truncamento ou ruido controlado (Differential Privacy) para valores extremos - pendente de definicao.	https://integracao.esusaps.bridge.ufsc.tech/dw/fatos/atendimento_individual/tb_fat_consolidado_cidadao_fai.html	Achado em linha de tabela da documentacao DW.
Dado antropométrico	tb_fat_consolidado_cidadao_fai	nu_peso_prcltra	Peso medido em atendimento de puericultura	Avaliar microagregacao, truncamento ou ruido controlado (Differential Privacy) para valores extremos - pendente de definicao.	https://integracao.esusaps.bridge.ufsc.tech/dw/fatos/atendimento_individual/tb_fat_consolidado_cidadao_fai.html	Achado em linha de tabela da documentacao DW.
Dado antropométrico	tb_fat_atendimento_odonto	nu_peso	Peso do cidadao em quilogramas	Avaliar microagregacao, truncamento ou ruido controlado (Differential Privacy) para valores extremos - pendente de definicao.	https://integracao.esusaps.bridge.ufsc.tech/dw/fatos/atendimento_odontologico/tb_fat_atendimento_odonto.html	Achado em linha de tabela da documentacao DW.
Dado antropométrico	tb_fat_atendimento_odonto	nu_altura	Altura do cidadao em centimetros	Avaliar microagregacao, truncamento ou ruido controlado (Differential Privacy) para valores extremos - pendente de definicao.	https://integracao.esusaps.bridge.ufsc.tech/dw/fatos/atendimento_odontologico/tb_fat_atendimento_odonto.html	Achado em linha de tabela da documentacao DW.
Dado antropométrico	tb_fat_proced_atend	nu_medicao_circ_abdominal	Circunferencia abdominal do cidadao em centimetros	Avaliar microagregacao, truncamento ou ruido controlado (Differential Privacy) para valores extremos - pendente de definicao.	https://integracao.esusaps.bridge.ufsc.tech/dw/fatos/procedimentos/tb_fat_proced_atend.html	Achado em linha de tabela da documentacao DW.
Dado antropométrico	tb_fat_proced_atend	nu_medicao_perim_pantrlha	Perimetro da panturrilha do cidadao em centimetros	Avaliar microagregacao, truncamento ou ruido controlado (Differential Privacy) para valores extremos - pendente de definicao.	https://integracao.esusaps.bridge.ufsc.tech/dw/fatos/procedimentos/tb_fat_proced_atend.html	Achado em linha de tabela da documentacao DW.
Dado antropométrico	tb_fat_proced_atend	nu_peso	Peso do cidadao em quilogramas	Avaliar microagregacao, truncamento ou ruido controlado (Differential Privacy) para valores extremos - pendente de definicao.	https://integracao.esusaps.bridge.ufsc.tech/dw/fatos/procedimentos/tb_fat_proced_atend.html	Achado em linha de tabela da documentacao DW.
Dado antropométrico	tb_fat_proced_atend	nu_altura	Altura do cidadao em centimetros	Avaliar microagregacao, truncamento ou ruido controlado (Differential Privacy) para valores extremos - pendente de definicao.	https://integracao.esusaps.bridge.ufsc.tech/dw/fatos/procedimentos/tb_fat_proced_atend.html	Achado em linha de tabela da documentacao DW.
Dado antropométrico	tb_fat_proced_atend	nu_perimetro_cefalico	Perimetro cefalico do cidadao em centimetros	Avaliar microagregacao, truncamento ou ruido controlado (Differential Privacy) para valores extremos - pendente de definicao.	https://integracao.esusaps.bridge.ufsc.tech/dw/fatos/procedimentos/tb_fat_proced_atend.html	Achado em linha de tabela da documentacao DW.
Data-hora de registro	tb_fat_atendimento_individual	dt_inicial_atendimento	Data e hora do inicio do atendimento	Sincronizar com o deslocamento aplicado a data de nascimento do cidadao, preservando os intervalos entre registros longitudinais.	https://integracao.esusaps.bridge.ufsc.tech/dw/fatos/atendimento_individual/tb_fat_atendimento_individual.html	Achado em linha de tabela da documentacao DW.
Data-hora de registro	tb_fat_atendimento_individual	dt_final_atendimento	Data e hora do fim do atendimento	Sincronizar com o deslocamento aplicado a data de nascimento do cidadao, preservando os intervalos entre registros longitudinais.	https://integracao.esusaps.bridge.ufsc.tech/dw/fatos/atendimento_individual/tb_fat_atendimento_individual.html	Achado em linha de tabela da documentacao DW.
Data-hora de registro	tb_fat_atd_ind_procedimentos	dt_inicial_atendimento	Data e hora do inicio do atendimento	Sincronizar com o deslocamento aplicado a data de nascimento do cidadao, preservando os intervalos entre registros longitudinais.	https://integracao.esusaps.bridge.ufsc.tech/dw/fatos/atendimento_individual/tb_fat_atd_ind_procedimentos.html	Achado em linha de tabela da documentacao DW.
Data-hora de registro	tb_fat_atendimento_odonto	dt_inicial_atendimento	Data e hora do inicio do atendimento	Sincronizar com o deslocamento aplicado a data de nascimento do cidadao, preservando os intervalos entre registros longitudinais.	https://integracao.esusaps.bridge.ufsc.tech/dw/fatos/atendimento_odontologico/tb_fat_atendimento_odonto.html	Achado em linha de tabela da documentacao DW.
Data-hora de registro	tb_fat_atendimento_odonto	dt_final_atendimento	Data e hora do fim do atendimento	Sincronizar com o deslocamento aplicado a data de nascimento do cidadao, preservando os intervalos entre registros longitudinais.	https://integracao.esusaps.bridge.ufsc.tech/dw/fatos/atendimento_odontologico/tb_fat_atendimento_odonto.html	Achado em linha de tabela da documentacao DW.
Data-hora de registro	tb_fat_atend_odonto_exames	dt_inicial_atendimento	Data e hora do inicio do atendimento	Sincronizar com o deslocamento aplicado a data de nascimento do cidadao, preservando os intervalos entre registros longitudinais.	https://integracao.esusaps.bridge.ufsc.tech/dw/fatos/atendimento_odontologico/tb_fat_atend_odonto_exames.html	Achado em linha de tabela da documentacao DW.
Data-hora de registro	tb_fat_atend_odonto_proced	dt_inicial_atendimento	Data e hora do inicio do atendimento	Sincronizar com o deslocamento aplicado a data de nascimento do cidadao, preservando os intervalos entre registros longitudinais.	https://integracao.esusaps.bridge.ufsc.tech/dw/fatos/atendimento_odontologico/tb_fat_atend_odonto_proced.html	Achado em linha de tabela da documentacao DW.
Data-hora de registro	tb_fat_proced_atend	dt_inicial_atendimento	Data e hora do inicio do atendimento	Sincronizar com o deslocamento aplicado a data de nascimento do cidadao, preservando os intervalos entre registros longitudinais.	https://integracao.esusaps.bridge.ufsc.tech/dw/fatos/procedimentos/tb_fat_proced_atend.html	Achado em linha de tabela da documentacao DW.
Data-hora de registro	tb_fat_proced_atend	dt_final_atendimento	Data e hora do fim do atendimento	Sincronizar com o deslocamento aplicado a data de nascimento do cidadao, preservando os intervalos entre registros longitudinais.	https://integracao.esusaps.bridge.ufsc.tech/dw/fatos/procedimentos/tb_fat_proced_atend.html	Achado em linha de tabela da documentacao DW.
Data-hora de registro	tb_fat_cuidado_compartilhado	dt_evolucao	Data da evolucao do cuidado compartilhado	Sincronizar com o deslocamento aplicado a data de nascimento do cidadao, preservando os intervalos entre registros longitudinais.	https://integracao.esusaps.bridge.ufsc.tech/dw/fatos/cuidado_compartilhado/tb_fat_cuidado_compartilhado.html	confirmar manualmente - descricao nao menciona componente de hora explicitamente.
Data-hora de registro	tb_fat_cuidado_compartilhado	dt_evolucao_anterior	Data da evolucao anterior do cuidado compartilhado	Sincronizar com o deslocamento aplicado a data de nascimento do cidadao, preservando os intervalos entre registros longitudinais.	https://integracao.esusaps.bridge.ufsc.tech/dw/fatos/cuidado_compartilhado/tb_fat_cuidado_compartilhado.html	confirmar manualmente - descricao nao menciona componente de hora explicitamente.
Data-hora de registro	tb_fat_cuidado_compartilhado	dt_criacao_cuidado	Data de criacao do Cuidado Compartilhado	Sincronizar com o deslocamento aplicado a data de nascimento do cidadao, preservando os intervalos entre registros longitudinais.	https://integracao.esusaps.bridge.ufsc.tech/dw/fatos/cuidado_compartilhado/tb_fat_cuidado_compartilhado.html	confirmar manualmente - descricao nao menciona componente de hora explicitamente.
Data-hora de registro	tb_fat_ivcf	dt_resultado	Data e horario do resultado do IVCF-20	Sincronizar com o deslocamento aplicado a data de nascimento do cidadao, preservando os intervalos entre registros longitudinais.	https://integracao.esusaps.bridge.ufsc.tech/dw/fatos/ivcf/ivcf.html	Achado em linha de tabela da documentacao DW.
CNS profissional	tb_dim_profissional	nu_cns	CNS do profissional (identificador nacional do profissional de saude)	Pendente de definicao - requer gerador de CNS valido (15 digitos, algoritmo proprio), nao e um CPF.	https://integracao.esusaps.bridge.ufsc.tech/dw/dimensoes/dim_profissional.html	Nao ha campo de CPF nem de registro profissional (CRM/COREN) documentado nesta pagina do DW.
Nome profissional	tb_dim_profissional	no_profissional	Nome do profissional	Substituir por nome ficticio com sobrenome Teste.	https://integracao.esusaps.bridge.ufsc.tech/dw/dimensoes/dim_profissional.html	Achado em linha de tabela da documentacao DW.
Sem categoria na guideline	tb_fat_cad_individual	nu_celular	Campo listado como criptografado no registro, sem descricao completa disponivel na pagina.	Pendente de definicao - guideline atual nao cobre este campo.	https://integracao.esusaps.bridge.ufsc.tech/dw/fatos/cadastro_individual.html	confirmar manualmente - campo pessoal sem categoria correspondente na guideline atual.
Sem categoria na guideline	tb_fat_cad_individual	nu_nis	Campo listado como criptografado no registro, sem descricao completa disponivel na pagina.	Pendente de definicao - guideline atual nao cobre este campo.	https://integracao.esusaps.bridge.ufsc.tech/dw/fatos/cadastro_individual.html	confirmar manualmente - campo pessoal sem categoria correspondente na guideline atual.
Sem categoria na guideline	tb_fat_cad_individual	nu_obito_do	Campo listado como criptografado no registro, sem descricao completa disponivel na pagina.	Pendente de definicao - guideline atual nao cobre este campo.	https://integracao.esusaps.bridge.ufsc.tech/dw/fatos/cadastro_individual.html	confirmar manualmente - campo pessoal sem categoria correspondente na guideline atual.
Sem categoria na guideline	tb_fat_cad_individual	nu_portaria_naturalizacao	Campo listado como criptografado no registro, sem descricao completa disponivel na pagina.	Pendente de definicao - guideline atual nao cobre este campo.	https://integracao.esusaps.bridge.ufsc.tech/dw/fatos/cadastro_individual.html	confirmar manualmente - campo pessoal sem categoria correspondente na guideline atual.
Sem categoria na guideline	tb_fat_cad_individual	no_acompanhado_instituicao	Campo listado como criptografado no registro, sem descricao completa disponivel na pagina.	Pendente de definicao - guideline atual nao cobre este campo.	https://integracao.esusaps.bridge.ufsc.tech/dw/fatos/cadastro_individual.html	confirmar manualmente - campo pessoal sem categoria correspondente na guideline atual.
Sem categoria na guideline	tb_fat_cad_individual	no_maternidade_referencia	Campo listado como criptografado no registro, sem descricao completa disponivel na pagina.	Pendente de definicao - guideline atual nao cobre este campo.	https://integracao.esusaps.bridge.ufsc.tech/dw/fatos/cadastro_individual.html	confirmar manualmente - campo pessoal sem categoria correspondente na guideline atual.
Sem categoria na guideline	tb_fat_cad_individual	no_visita_familiar_parentesco	Campo listado como criptografado no registro, sem descricao completa disponivel na pagina.	Pendente de definicao - guideline atual nao cobre este campo.	https://integracao.esusaps.bridge.ufsc.tech/dw/fatos/cadastro_individual.html	confirmar manualmente - campo pessoal sem categoria correspondente na guideline atual.
Sem categoria na guideline	tb_fat_avaliacao_elegibilidade	nu_nis	Campo listado como criptografado no registro, sem descricao completa disponivel na pagina.	Pendente de definicao - guideline atual nao cobre este campo.	https://integracao.esusaps.bridge.ufsc.tech/dw/fatos/avaliacao_elegibilidade.html	confirmar manualmente - campo pessoal sem categoria correspondente na guideline atual.
Sem categoria na guideline	tb_fat_avaliacao_elegibilidade	nu_portaria_naturalizacao	Campo listado como criptografado no registro, sem descricao completa disponivel na pagina.	Pendente de definicao - guideline atual nao cobre este campo.	https://integracao.esusaps.bridge.ufsc.tech/dw/fatos/avaliacao_elegibilidade.html	confirmar manualmente - campo pessoal sem categoria correspondente na guideline atual.
Sem categoria na guideline	tb_fat_avaliacao_elegibilidade	nu_telefone_contato	Campo listado como criptografado no registro, sem descricao completa disponivel na pagina.	Pendente de definicao - guideline atual nao cobre este campo.	https://integracao.esusaps.bridge.ufsc.tech/dw/fatos/avaliacao_elegibilidade.html	confirmar manualmente - campo pessoal sem categoria correspondente na guideline atual.
Sem categoria na guideline	tb_fat_avaliacao_elegibilidade	nu_telefone_residencia	Campo listado como criptografado no registro, sem descricao completa disponivel na pagina.	Pendente de definicao - guideline atual nao cobre este campo.	https://integracao.esusaps.bridge.ufsc.tech/dw/fatos/avaliacao_elegibilidade.html	confirmar manualmente - campo pessoal sem categoria correspondente na guideline atual.
Sem categoria na guideline	tb_fat_cad_domiciliar	no_instituicao_cargo	Campo listado como criptografado no registro, sem descricao completa disponivel na pagina.	Pendente de definicao - guideline atual nao cobre este campo.	https://integracao.esusaps.bridge.ufsc.tech/dw/fatos/cadastro_domiciliar.html	confirmar manualmente - campo pessoal sem categoria correspondente na guideline atual.
Sem categoria na guideline	tb_fat_cad_domiciliar	no_instituicao_nome	Campo listado como criptografado no registro, sem descricao completa disponivel na pagina.	Pendente de definicao - guideline atual nao cobre este campo.	https://integracao.esusaps.bridge.ufsc.tech/dw/fatos/cadastro_domiciliar.html	confirmar manualmente - campo pessoal sem categoria correspondente na guideline atual.
Sem categoria na guideline	tb_fat_cad_domiciliar	nu_instituicao_cns	Campo listado como criptografado no registro, sem descricao completa disponivel na pagina.	Pendente de definicao - guideline atual nao cobre este campo.	https://integracao.esusaps.bridge.ufsc.tech/dw/fatos/cadastro_domiciliar.html	confirmar manualmente - campo pessoal sem categoria correspondente na guideline atual.
Sem categoria na guideline	tb_fat_cad_domiciliar	nu_instituicao_telefone	Campo listado como criptografado no registro, sem descricao completa disponivel na pagina.	Pendente de definicao - guideline atual nao cobre este campo.	https://integracao.esusaps.bridge.ufsc.tech/dw/fatos/cadastro_domiciliar.html	confirmar manualmente - campo pessoal sem categoria correspondente na guideline atual.
Sem categoria na guideline	tb_fat_cad_domiciliar	nu_telefone_contato	Campo listado como criptografado no registro, sem descricao completa disponivel na pagina.	Pendente de definicao - guideline atual nao cobre este campo.	https://integracao.esusaps.bridge.ufsc.tech/dw/fatos/cadastro_domiciliar.html	confirmar manualmente - campo pessoal sem categoria correspondente na guideline atual.
Sem categoria na guideline	tb_fat_cad_domiciliar	nu_telefone_residencia	Campo listado como criptografado no registro, sem descricao completa disponivel na pagina.	Pendente de definicao - guideline atual nao cobre este campo.	https://integracao.esusaps.bridge.ufsc.tech/dw/fatos/cadastro_domiciliar.html	confirmar manualmente - campo pessoal sem categoria correspondente na guideline atual.
Sem categoria na guideline	tb_fat_cad_dom_familia	nu_prontuario	Numero de prontuario do cidadao (listado como criptografado no registro).	Pendente de definicao - guideline atual nao cobre este campo.	https://integracao.esusaps.bridge.ufsc.tech/dw/fatos/cadastro_domiciliar.html	confirmar manualmente - identificador interno, decidir se deve ser regenerado ou preservado como chave.
Sem categoria na guideline	tb_fat_visita_domiciliar	nu_prontuario	Numero de prontuario do cidadao (listado como criptografado no registro).	Pendente de definicao - guideline atual nao cobre este campo.	https://integracao.esusaps.bridge.ufsc.tech/dw/fatos/visita_domiciliar.html	confirmar manualmente - identificador interno, decidir se deve ser regenerado ou preservado como chave.
Sem categoria na guideline	tb_fat_atendimento_odonto	nu_prontuario	Numero de prontuario do cidadao (listado como criptografado no registro).	Pendente de definicao - guideline atual nao cobre este campo.	https://integracao.esusaps.bridge.ufsc.tech/dw/fatos/atendimento_odontologico/tb_fat_atendimento_odonto.html	confirmar manualmente - identificador interno, decidir se deve ser regenerado ou preservado como chave.
Sem categoria na guideline	tb_fat_proced_atend	nu_prontuario	Numero de prontuario do cidadao (listado como criptografado no registro).	Pendente de definicao - guideline atual nao cobre este campo.	https://integracao.esusaps.bridge.ufsc.tech/dw/fatos/procedimentos/tb_fat_proced_atend.html	confirmar manualmente - identificador interno, decidir se deve ser regenerado ou preservado como chave.
